<?xml version="1.0" encoding="utf-8"?>
<SENSOR>
	<ACCELEROMETER_SENSOR>
		<MODEL id="mpu6050">
			<NAME value="mpu6050"/>
			<INTERFACE value="i2c"/>
			<ADDRESS value="0x68"/>
			<VENDOR value="Invensense"/>
			<RAW_DATA_UNIT value="0.061"/>
			<RESOLUTION value="16"/>
		</MODEL>
	</ACCELEROMETER_SENSOR>

	<GYROSCOPE_SENSOR>
		<MODEL id="mpu6050">
			<NAME value="mpu6050"/>
			<INTERFACE value="i2c"/>
			<ADDRESS value="0x68"/>
			<VENDOR value="Invensense"/>
			<RAW_DATA_UNIT value="0.061"/>
			<RESOLUTION value="16"/>
		</MODEL>	
	</GYROSCOPE_SENSOR>

	<LIGHT_SENSOR>
		<MODEL id="tsl2563">
			<NAME value="tsl2563"/>
			<VENDOR value="TAOS"/>
			<INTERFACE value="i2c"/>
			<ADDRESS value="0x39"/>
		</MODEL>
	</LIGHT_SENSOR>

	<GEOMAGNETIC_SENSOR>
		<MODEL id="hmc5843">
			<NAME value="hmc5843" />
			<INTERFACE value="i2c"/>
			<ADDRESS value="0x1e"/>
			<VENDOR value="Honeywell"/>
			<RAW_DATA_UNIT value="0.06"/>
			<MIN_RANGE value="-1200"/>
			<MAX_RANGE value="1200"/>
		</MODEL>
	</GEOMAGNETIC_SENSOR>

	<PRESSURE_SENSOR>
		<MODEL id="bmp085">
			<NAME value="bmp085" />
			<INTERFACE value="i2c"/>
			<ADDRESS value="0x77"/>
			<VENDOR value="Bosch"/>
			<RAW_DATA_UNIT value="1"/>
			<MIN_RANGE value="260"/>
			<MAX_RANGE value="1260"/>
			<RESOLUTION value="1"/>
			<TEMPERATURE_RESOLUTION value="1"/>
			<TEMPERATURE_OFFSET value="1"/>
		</MODEL>
	</PRESSURE_SENSOR>

	<TEMPERATURE_SENSOR>
		<MODEL id="bmp085">
			<NAME value="bmp085" />
			<VENDOR value="Bosch"/>
			<INTERFACE value="i2c"/>
			<ADDRESS value="0x77"/>
			<RAW_DATA_UNIT value="0.01"/>
			<RESOLUTION value="1"/>
		</MODEL>
	</TEMPERATURE_SENSOR>

	<MISC_SENSOR>
		<MODEL id="bmpx8x">
			<NAME value="bmpx8x" />
			<VENDOR value="UPM"/>
			<INTERFACE value="i2c"/>
			<BUS value="8"/>
			<ADDRESS value="0x77"/>
			<LOADED value="0"/>
		</MODEL>
		<MODEL id="mpl3115a2">
			<NAME value="mpl3115a2" />
			<VENDOR value="UPM"/>
			<INTERFACE value="i2c"/>
			<BUS value="8"/>
			<ADDRESS value="0x60"/>
			<LOADED value="0"/>
		</MODEL>
	</MISC_SENSOR>
</SENSOR>
