<PLUGIN>
	<ACCELEROMETER_SENSOR>
		<MODULE hal = "/usr/lib/sensord/libaccel_sensor_hal.so"/>
		<MODULE sensor = "/usr/lib/sensord/libaccel_sensor.so"/>
	</ACCELEROMETER_SENSOR>

	<GYROSCOPE_SENSOR>
		<MODULE hal = "/usr/lib/sensord/libgyro_sensor_hal.so"/>
		<MODULE sensor = "/usr/lib/sensord/libgyro_sensor.so"/>
	</GYROSCOPE_SENSOR>

	<LIGHT_SENSOR>
		<MODULE hal = "/usr/lib/sensord/liblight_sensor_hal.so"/>
		<MODULE sensor = "/usr/lib/sensord/liblight_sensor.so"/>
	</LIGHT_SENSOR>

	<GEOMAGNETIC_SENSOR>
		<MODULE hal = "/usr/lib/sensord/libgeo_sensor_hal.so"/>
		<MODULE sensor = "/usr/lib/sensord/libgeo_sensor.so"/>
	</GEOMAGNETIC_SENSOR>

	<PRESSURE_SENSOR>
		<MODULE hal = "/usr/lib/sensord/libpressure_sensor_hal.so"/>
		<MODULE sensor = "/usr/lib/sensord/libpressure_sensor.so"/>
	</PRESSURE_SENSOR>

	<TEMPERATURE_SENSOR>
		<MODULE hal = "/usr/lib/sensord/libtemperature_sensor_hal.so"/>
		<MODULE sensor = "/usr/lib/sensord/libtemperature_sensor.so"/>
	</TEMPERATURE_SENSOR>

	<MISC_SENSOR>
		<MODULE hal = "/usr/lib/sensord/libmisc_sensor_hal.so"/>
		<MODULE sensor = "/usr/lib/sensord/libmisc_sensor.so"/>
	</MISC_SENSOR>
</PLUGIN>
